TDSFU Daily run: Fri Oct 24 20:15:32 UTC 2025 TDSFU
TDSFU Daily run: Sat Oct 25 04:41:48 UTC 2025 TDSFU
TDSFU Daily run: Sun Oct 26 04:42:25 UTC 2025 TDSFU
TDSFU Daily run: Mon Oct 27 04:52:50 UTC 2025 TDSFU
TDSFU Daily run: Tue Oct 28 04:46:09 UTC 2025 TDSFU
TDSFU Daily run: Wed Oct 29 04:50:10 UTC 2025 TDSFU
TDSFU Daily run: Thu Oct 30 04:45:14 UTC 2025 TDSFU
TDSFU Daily run: Fri Oct 31 04:58:11 UTC 2025 TDSFU
TDSFU Daily run: Sat Nov  1 04:41:10 UTC 2025 TDSFU
TDSFU Daily run: Sun Nov  2 04:44:26 UTC 2025 TDSFU
TDSFU Daily run: Mon Nov  3 04:51:43 UTC 2025 TDSFU
TDSFU Daily run: Tue Nov  4 04:35:31 UTC 2025 TDSFU
